utc,tip_height,tip_hash,block_4050336_hash,on_fork,replayed_count
2026-09-08T18:09:06Z,4050335,aad24e4fb64ca8adf4961667da87820cd48e553957ac64e75de7cdb298b5d66b,,False,0
2026-09-10T13:30:06Z,4051292,bfbf7382c1595f72aa13d67bd0d55dc8e806df41202a8096b626def322d74ba0,d4eeaa1122dab906155a803ababb83ceb7afbb4ae102b37014c9093f879fd341,False,608
2026-09-10T13:34:48Z,4051307,ef0c34c925a335b1d2230f8fdb251c57503a36750a645c3e4cd101beb8fad31f,d4eeaa1122dab906155a803ababb83ceb7afbb4ae102b37014c9093f879fd341,False,608
2026-09-10T14:29:07Z,4051361,e8d01147284d6be323c00dedfad0701b12044b87449d3ab1e8d91d9ed0ef8cef,d4eeaa1122dab906155a803ababb83ceb7afbb4ae102b37014c9093f879fd341,False,608
2026-09-10T18:32:54Z,4051603,1b7119bf0ef6815729ca3100172123b7f12751e91ca011264b0ff1251d6926e9,d4eeaa1122dab906155a803ababb83ceb7afbb4ae102b37014c9093f879fd341,False,608
2026-09-10T21:41:59Z,4051792,d3192351ac49182bd7ec3df9d518b5f763c126c3e20bd5f7028789391659dab8,d4eeaa1122dab906155a803ababb83ceb7afbb4ae102b37014c9093f879fd341,False,608
2026-09-11T00:14:12Z,4051945,ad80fa19d57b315e163410b9e7ca349a988638af11fa19b7a31fdb17e81183f0,d4eeaa1122dab906155a803ababb83ceb7afbb4ae102b37014c9093f879fd341,False,608
2026-09-11T04:48:17Z,4052218,dbd3527b2717dc9aef718b214afe6d5276da94dd197d0f8a5b344be1856cd688,d4eeaa1122dab906155a803ababb83ceb7afbb4ae102b37014c9093f879fd341,False,608
2026-09-11T09:48:36Z,4052518,09d8ecab194a9673a3b9fb53cb4245b863d01d4864840f7b6a62387d605ea297,d4eeaa1122dab906155a803ababb83ceb7afbb4ae102b37014c9093f879fd341,False,608
2026-09-11T14:30:46Z,4052800,02f8254c5ee6732e0b0f6f6affde6161bd7157779ea987c0889ed91e3657bf4e,d4eeaa1122dab906155a803ababb83ceb7afbb4ae102b37014c9093f879fd341,False,608
2026-09-11T18:37:16Z,4053048,f540fd0517e85f66b1879feb8d3c52149a3e3e714d04ea8df011cbffdc0a0a7b,d4eeaa1122dab906155a803ababb83ceb7afbb4ae102b37014c9093f879fd341,False,608
2026-09-11T21:45:52Z,4053237,431e4c53242e283fc3ad765904485265506d6d1c60f271ae8adb010b00fe6fee,d4eeaa1122dab906155a803ababb83ceb7afbb4ae102b37014c9093f879fd341,False,608
2026-09-12T00:21:20Z,4053393,c22504aa656b8a665b36e994e4570c421ad66791ed3a47b34de40a160d956f99,d4eeaa1122dab906155a803ababb83ceb7afbb4ae102b37014c9093f879fd341,False,608
2026-09-12T05:52:24Z,4053722,b4c11bdbba5561d173c14e8b5c1a00cf00ace545ecfc10194dc0115f85c475e9,d4eeaa1122dab906155a803ababb83ceb7afbb4ae102b37014c9093f879fd341,False,608
2026-09-12T10:54:00Z,4054023,674e1f26f8bb204f1c613b780180b3796f6542baa909332a0d0afb9803c6d95f,d4eeaa1122dab906155a803ababb83ceb7afbb4ae102b37014c9093f879fd341,False,608
2026-09-12T14:12:08Z,4054223,6950fbe98ec4c135de654be6cb33fa6bb3d5485c51cdb3083515c41eb9682d99,d4eeaa1122dab906155a803ababb83ceb7afbb4ae102b37014c9093f879fd341,False,608
2026-09-12T17:14:25Z,4054405,1030bfb0f9433f071a386cc35d95dce03fb7f5b2c93014c8467da0d1827c1ae3,d4eeaa1122dab906155a803ababb83ceb7afbb4ae102b37014c9093f879fd341,False,608
2026-09-12T19:26:14Z,4054537,a4293563f9a67ed299c1f9178d1933015db530e73f2edbd29f2f7dbb55294874,d4eeaa1122dab906155a803ababb83ceb7afbb4ae102b37014c9093f879fd341,False,608
2026-09-12T22:21:14Z,4054713,10b488e3f4cdc2aac31c4c6a714bb54f8f6d0d45d3c85d0319a828f7f3a9cc79,d4eeaa1122dab906155a803ababb83ceb7afbb4ae102b37014c9093f879fd341,False,608
2026-09-13T01:04:26Z,4054875,8538d16d6edab986a72360ddb4437ba4feae15ed46b393b8790b9cc37b098d3a,d4eeaa1122dab906155a803ababb83ceb7afbb4ae102b37014c9093f879fd341,False,608
2026-09-13T06:15:20Z,4055185,357ff34717989591dd1bc8918ddd2cc7612b2d5f23ab78e4f272853299b98fd4,d4eeaa1122dab906155a803ababb83ceb7afbb4ae102b37014c9093f879fd341,False,608
2026-09-13T11:59:57Z,4055530,0125af4c458e70d7886b2fa0f33e83d64969330e99dc639db2659ece45c75c7a,d4eeaa1122dab906155a803ababb83ceb7afbb4ae102b37014c9093f879fd341,False,608
2026-09-13T16:23:39Z,4055793,139a99b79177832b4fb00e6ac089949f2e24848dc8723ad03c8f0e97f3194567,d4eeaa1122dab906155a803ababb83ceb7afbb4ae102b37014c9093f879fd341,False,608
2026-09-13T19:30:24Z,4055982,b5a40b9723951c88da5555cd66acb6e88ac5dc1fd39a29de5a414623dadc2e5f,d4eeaa1122dab906155a803ababb83ceb7afbb4ae102b37014c9093f879fd341,False,608
2026-09-13T22:27:48Z,4056159,b8386a8f93353382cecdfde932022549758c8137313b94965d1d5d4a28e1fce8,d4eeaa1122dab906155a803ababb83ceb7afbb4ae102b37014c9093f879fd341,False,608
2026-09-14T01:10:18Z,4056321,4b905c980312a8ca9d0bea4269e387a15abb1e969edb9521e83361e2b2d9c00a,d4eeaa1122dab906155a803ababb83ceb7afbb4ae102b37014c9093f879fd341,False,608
2026-09-14T06:23:53Z,4056634,148a2887d4c63e8c04eb346b30cebee8d911a471a7d8fb187e9b4d94ea061c2b,d4eeaa1122dab906155a803ababb83ceb7afbb4ae102b37014c9093f879fd341,False,608
2026-09-14T14:09:43Z,4057099,2879cd4cf39404490ab6f10d4636e132bcba0c0126b13367186e69717bf32b19,d4eeaa1122dab906155a803ababb83ceb7afbb4ae102b37014c9093f879fd341,False,608
2026-09-14T19:27:53Z,4057416,0b01967ffac50c85c5b951554bb13246c0fcb30a0503ce5bbf04e9df50a12570,d4eeaa1122dab906155a803ababb83ceb7afbb4ae102b37014c9093f879fd341,False,608
2026-09-14T23:11:50Z,4057641,421653f35730246fbb9a8baaa47ef1d48ed3a8b36639ec5f1432d9a6585870e8,d4eeaa1122dab906155a803ababb83ceb7afbb4ae102b37014c9093f879fd341,False,608
2026-09-15T01:31:59Z,4057782,aa1216f7dd4c8ab3726a9e2e1451d77818a294c067ce161d678df5100c9d6839,d4eeaa1122dab906155a803ababb83ceb7afbb4ae102b37014c9093f879fd341,False,608
2026-09-15T07:51:47Z,4058159,5f04f3e3a3da64bcd3e329814eb7ff9b9fec3505d61a00960c892ef7e57b511c,d4eeaa1122dab906155a803ababb83ceb7afbb4ae102b37014c9093f879fd341,False,608
2026-09-15T13:38:56Z,4058507,09ca39c7399238d24001a236c9c1c638b852ba05a81e1c5b5b7838b413132111,d4eeaa1122dab906155a803ababb83ceb7afbb4ae102b37014c9093f879fd341,False,608
2026-09-15T18:15:33Z,4058785,276b4d04c88d696a2b6ae5d8c5ca9f376c4d76f90a2c0df2a5b8058efbe331ab,d4eeaa1122dab906155a803ababb83ceb7afbb4ae102b37014c9093f879fd341,False,608
2026-09-15T21:27:43Z,4058978,ff62ed4634a9266f32c967b887b26d1d15b13c54cf50b6d7e4be02e4edb200c1,d4eeaa1122dab906155a803ababb83ceb7afbb4ae102b37014c9093f879fd341,False,608
2026-09-16T00:25:40Z,4059155,fc513f43dad161c0581c6ecc09ff5adba2a9a5f8a483ca6fd2d6a47928640919,d4eeaa1122dab906155a803ababb83ceb7afbb4ae102b37014c9093f879fd341,False,608
2026-09-16T06:08:30Z,4059496,4dcd5e07f2c69ebaf6ad54e29cfbad59c8357d62d87080d3ed0f1323d845c60b,d4eeaa1122dab906155a803ababb83ceb7afbb4ae102b37014c9093f879fd341,False,608
2026-09-16T11:42:48Z,4059830,8113c675ec9162bad08e5267a881684b3796eeb9eebbb7dc5e52483ee40e1721,d4eeaa1122dab906155a803ababb83ceb7afbb4ae102b37014c9093f879fd341,False,608
2026-09-16T17:04:32Z,4060151,2d32fe124d7eee5d3937a54dda564c3292b31e0619e0855a7171efbf4e05be56,d4eeaa1122dab906155a803ababb83ceb7afbb4ae102b37014c9093f879fd341,False,608
2026-09-16T20:11:08Z,4060340,a41cdec47d35986a886b64cc9c4b7ad93a415c7e43152c9bfc47337e5ba31908,d4eeaa1122dab906155a803ababb83ceb7afbb4ae102b37014c9093f879fd341,False,608
2026-09-16T22:59:06Z,4060508,29bb78e109ac17265c85d3c36286da13470e471af9b769ab1c707f5fb534d265,d4eeaa1122dab906155a803ababb83ceb7afbb4ae102b37014c9093f879fd341,False,608
2026-09-17T01:29:22Z,4060658,af5494dc505ad6e2a85081d7c65a22aa7346eecc99bc7ab1996c4033e2d3bd49,d4eeaa1122dab906155a803ababb83ceb7afbb4ae102b37014c9093f879fd341,False,608
2026-09-17T07:46:58Z,4061033,c2b5512e34f5a8321da70fa2f3d632ea73c817388a83f6e6cc4e176fad987e79,d4eeaa1122dab906155a803ababb83ceb7afbb4ae102b37014c9093f879fd341,False,608
2026-09-17T13:32:39Z,4061380,ae9137c35e3895e934e2f1ea2bd736bd8d24c6bf988d6aec95de8290347fc231,d4eeaa1122dab906155a803ababb83ceb7afbb4ae102b37014c9093f879fd341,False,608
2026-09-17T18:18:02Z,4061666,a4db2958d5be8b37807576aabf6d9dc3ac045e5247328732371a3ab7694f22a2,d4eeaa1122dab906155a803ababb83ceb7afbb4ae102b37014c9093f879fd341,False,608
2026-09-17T21:31:52Z,4061859,9e9570e3f1a3417bdf4d38d90c5e6d05e99e6b7f3e6914735d98afe76f4e78ba,d4eeaa1122dab906155a803ababb83ceb7afbb4ae102b37014c9093f879fd341,False,608
2026-09-18T00:23:16Z,4062032,33d5426827634d1c4d6b5fa9b694807b689a57f220ab5892c4e0606916bd6837,d4eeaa1122dab906155a803ababb83ceb7afbb4ae102b37014c9093f879fd341,False,608
2026-09-18T06:00:40Z,4062367,33bd1bb571bb211b61db3ae8b9803dce3679cfd60fea3b50176d5c4b05fbf1aa,d4eeaa1122dab906155a803ababb83ceb7afbb4ae102b37014c9093f879fd341,False,608
2026-09-18T11:22:04Z,4062689,61aa3b40fe28b60e303912d26f8a94edac81f9d6e70875c5f0e93b330b657166,d4eeaa1122dab906155a803ababb83ceb7afbb4ae102b37014c9093f879fd341,False,608
2026-09-18T16:30:11Z,4062996,6e0d35929f714254021f44d2c72b84bd616cf0d1cb7f174ca371c905b00abe1c,d4eeaa1122dab906155a803ababb83ceb7afbb4ae102b37014c9093f879fd341,False,608
2026-09-18T19:40:11Z,4063188,bba7e2a8856911f5b8cdea2af8991ee898ccb93dac77976aed3a6231ce3a0bb2,d4eeaa1122dab906155a803ababb83ceb7afbb4ae102b37014c9093f879fd341,False,608
2026-09-18T22:37:11Z,4063365,504fbe2111ed2c2ed757076d32d574be72472e406e6e0cabbe76967e086547fd,d4eeaa1122dab906155a803ababb83ceb7afbb4ae102b37014c9093f879fd341,False,608
2026-09-19T01:14:02Z,4063522,6d76a6571153a8777e327e645e44bae6bc8f9d48c93611d3fdf6c0296acd1179,d4eeaa1122dab906155a803ababb83ceb7afbb4ae102b37014c9093f879fd341,False,608
2026-09-19T06:00:06Z,4063806,bb6fcc75034d6e7b54d742be0cf507799ab8519e38f6a2d7d99c4815f85159e7,d4eeaa1122dab906155a803ababb83ceb7afbb4ae102b37014c9093f879fd341,False,608
2026-09-19T11:06:51Z,4064113,90b9272ccd0ec7b8f8fb863b2acd38521dc9bbf8044bcbfe849f49eea87bf74a,d4eeaa1122dab906155a803ababb83ceb7afbb4ae102b37014c9093f879fd341,False,608
2026-09-19T14:28:40Z,4064317,cc20f8080c2328ba79834f6957a5d103aaba752e7a0498fa318f6f6298169822,d4eeaa1122dab906155a803ababb83ceb7afbb4ae102b37014c9093f879fd341,False,608
2026-09-19T18:05:00Z,4064533,a0f2d83c6b18d2c67dda5b3db30795b2d1688bcadc772316752ad07acde07577,d4eeaa1122dab906155a803ababb83ceb7afbb4ae102b37014c9093f879fd341,False,608
2026-09-19T20:45:19Z,4064693,8ec5ae1f55c4ae8fbd8303b7b2954da97329ec2a6b75dea83a8b45ccc777d712,d4eeaa1122dab906155a803ababb83ceb7afbb4ae102b37014c9093f879fd341,False,608
2026-09-19T23:11:20Z,4064839,22a23716def60a149e6de12d9a212394b33a2e4dafb59cb641a22984a1395e48,d4eeaa1122dab906155a803ababb83ceb7afbb4ae102b37014c9093f879fd341,False,608
2026-09-20T01:13:28Z,4064962,7ed36b0403362e55f069cb578f5e9ed879b88b859031197020860d9463b11315,d4eeaa1122dab906155a803ababb83ceb7afbb4ae102b37014c9093f879fd341,False,608
2026-09-20T06:22:48Z,4065270,5fec089cab02b5bc7c70a7b44787465dc2430e8342b345ee2485463de47d4a65,d4eeaa1122dab906155a803ababb83ceb7afbb4ae102b37014c9093f879fd341,False,608
2026-09-20T12:27:44Z,4065634,317786d51eb81311736507982379175a777a2db4e4ff6ef21b6c942f2c0d1c20,d4eeaa1122dab906155a803ababb83ceb7afbb4ae102b37014c9093f879fd341,False,608
2026-09-20T16:52:04Z,4065899,6cacdb3b1b3e7fecb8f35e065d712aa9ddcedcd5f187c11c1baac43595e2b384,d4eeaa1122dab906155a803ababb83ceb7afbb4ae102b37014c9093f879fd341,False,608
2026-09-20T19:29:28Z,4066058,77532da3f02e992264139df174fcca87fdd4d3087476582f9ca96c6823bf866b,d4eeaa1122dab906155a803ababb83ceb7afbb4ae102b37014c9093f879fd341,False,608
2026-09-20T22:30:03Z,4066238,9de49f8c265c27d30395e43cf224ee1610f07fdfc8b1c8ecd73b8030f506df55,d4eeaa1122dab906155a803ababb83ceb7afbb4ae102b37014c9093f879fd341,False,608
2026-09-21T01:10:06Z,4066398,23b1d4ab580728c660fca3d2ff28d0d595db543e53fdfb20902f4c968ad6617b,d4eeaa1122dab906155a803ababb83ceb7afbb4ae102b37014c9093f879fd341,False,608
2026-09-21T06:27:41Z,4066714,820acc9594f4fb9caf9a50862d202c68dc0b9ae2517a7dc9b72c96c0b2969bf5,d4eeaa1122dab906155a803ababb83ceb7afbb4ae102b37014c9093f879fd341,False,608
2026-09-21T14:16:53Z,4067183,df79ba8013e2f71fd56553597418f444988e50ec6ead04dc18e5ecd86f540edd,d4eeaa1122dab906155a803ababb83ceb7afbb4ae102b37014c9093f879fd341,False,608
2026-09-21T19:33:40Z,4067500,a28f4f0ed815d59b058c9a781a675f6c8359984c8b2a2f8d4fa925eef686cdec,d4eeaa1122dab906155a803ababb83ceb7afbb4ae102b37014c9093f879fd341,False,608
2026-09-21T23:20:52Z,4067727,7b93cb92aba624219931beeb46f23c1031f85f5c99be0debd467705d95f541d2,d4eeaa1122dab906155a803ababb83ceb7afbb4ae102b37014c9093f879fd341,False,608
2026-09-22T05:04:35Z,4068069,acff290bb79e3acfc2875c81d4edb5fca5236fda4ee36313cd2ce1f5bd58fb30,d4eeaa1122dab906155a803ababb83ceb7afbb4ae102b37014c9093f879fd341,False,608
2026-09-22T10:02:56Z,4068369,e927103d487389951c44896a8a1ada9ff815a1be04faa609cda0e4336e934c7e,d4eeaa1122dab906155a803ababb83ceb7afbb4ae102b37014c9093f879fd341,False,608
2026-09-22T15:00:27Z,4068666,fc6f1b508baca3d480b488be9156350c4627d6b60839d2c7be1251dc86ba9f62,d4eeaa1122dab906155a803ababb83ceb7afbb4ae102b37014c9093f879fd341,False,608
2026-09-22T18:59:09Z,4068905,003f9da15adf36b9ddc3bb17748d7f1fc04f7ff2cb1329fcd3ea7dc77f36539e,d4eeaa1122dab906155a803ababb83ceb7afbb4ae102b37014c9093f879fd341,False,608
2026-09-22T22:13:34Z,4069101,1df34a0d2b8a265b61c60e2e40545fcce4bbb29ac109a89fa9d364ebd30c43fa,d4eeaa1122dab906155a803ababb83ceb7afbb4ae102b37014c9093f879fd341,False,608
2026-09-23T00:38:32Z,4069246,5366a44343992f0fedab8040d067a63d91b4548c43ecc58f50ef7bd5d32d4667,d4eeaa1122dab906155a803ababb83ceb7afbb4ae102b37014c9093f879fd341,False,608
2026-09-23T06:04:22Z,4069569,8615be3ff315aa2b9c46f65c76af29e9237f5db8143cd6b08761e9fbd23bcce1,d4eeaa1122dab906155a803ababb83ceb7afbb4ae102b37014c9093f879fd341,False,608
2026-09-23T11:43:48Z,4069910,3b4323de6ce5e3a0f7a4c42bd43d61fd02cfdd270b1f164551e49804f44d0214,d4eeaa1122dab906155a803ababb83ceb7afbb4ae102b37014c9093f879fd341,False,608
2026-09-23T17:08:08Z,4070234,11a4850ac957bb957f9cc38687b0fa19383490e81bd0e469ee0f14beda681950,d4eeaa1122dab906155a803ababb83ceb7afbb4ae102b37014c9093f879fd341,False,608
2026-09-23T20:26:29Z,4070434,30909f4f79fd23ca0602f0295083c29f455e64c76203ea9ce3adf7175878e002,d4eeaa1122dab906155a803ababb83ceb7afbb4ae102b37014c9093f879fd341,False,608
2026-09-23T23:45:38Z,4070632,af6a68dbd4aece0598db77707d71d83aedbc26786cf0a262fe4ea05bfd98956c,d4eeaa1122dab906155a803ababb83ceb7afbb4ae102b37014c9093f879fd341,False,608
2026-09-24T04:57:43Z,4070944,0aa24731962cb479898dbca7c523decf1caf6f744ce54bcded480c110b82b323,d4eeaa1122dab906155a803ababb83ceb7afbb4ae102b37014c9093f879fd341,False,608
2026-09-24T10:07:30Z,4071253,496bb9a94d2e2aa40964e9116725214eacb2a423408870744046530afac43000,d4eeaa1122dab906155a803ababb83ceb7afbb4ae102b37014c9093f879fd341,False,608
2026-09-24T15:11:14Z,4071558,b20db8bf9ffc2c18321dc9aa13136439a5220f6f4c52c14a6efa1d1fbb253473,d4eeaa1122dab906155a803ababb83ceb7afbb4ae102b37014c9093f879fd341,False,608
2026-09-24T19:14:12Z,4071801,d6893e50afdac1dfeffb931e097a1a300923cf8128ba512cee5e0c38807ff2eb,d4eeaa1122dab906155a803ababb83ceb7afbb4ae102b37014c9093f879fd341,False,608
2026-09-24T22:28:32Z,4071996,951a5b2b9e2187618afe82fd80c69ff6b150ac015742ffd385d07b8f60f04889,d4eeaa1122dab906155a803ababb83ceb7afbb4ae102b37014c9093f879fd341,False,608
2026-09-25T01:34:56Z,4072181,380f521b6355e5ddb98708134aab6a84afcf8e2a25eb0be0c6a067289ae306d1,d4eeaa1122dab906155a803ababb83ceb7afbb4ae102b37014c9093f879fd341,False,608
2026-09-25T07:56:25Z,4072561,652b715eb4bbd2fc41a7cef9b47492eae6db8b36133e14841f0bb336e526ca9e,d4eeaa1122dab906155a803ababb83ceb7afbb4ae102b37014c9093f879fd341,False,608
2026-09-25T13:54:50Z,4072919,2f5d4d81550badcbed14443d18a1c3418fa2199d160c13af29070ba071a0fe7a,d4eeaa1122dab906155a803ababb83ceb7afbb4ae102b37014c9093f879fd341,False,608
2026-09-25T22:29:02Z,4073432,975b5c371507ed8e8a97abeddf53c08e4a5dedfbb5e26490d063ee06621c55fc,d4eeaa1122dab906155a803ababb83ceb7afbb4ae102b37014c9093f879fd341,False,608
2026-09-26T01:38:16Z,4073625,51392d33e29c1742d30f0559cb3e2bccfae02bdea01950b404b5350dd0142c08,d4eeaa1122dab906155a803ababb83ceb7afbb4ae102b37014c9093f879fd341,False,608
2026-09-26T07:47:51Z,4073994,72a37e13d39aede4793406951f9fe068ff38a5c0c62ed1e5ed7b64d17b580d6b,d4eeaa1122dab906155a803ababb83ceb7afbb4ae102b37014c9093f879fd341,False,608
2026-09-26T13:11:55Z,4074317,94095de33ca9b865bc1f079ef2a2364b5157795551444df3b2ad88d97fec2ed3,d4eeaa1122dab906155a803ababb83ceb7afbb4ae102b37014c9093f879fd341,False,608
2026-09-26T17:15:22Z,4074561,93e1696c833b91fd8cf674ad0bf21b33fa3ce1db52dfd6fdc4dfad2f7796ea04,d4eeaa1122dab906155a803ababb83ceb7afbb4ae102b37014c9093f879fd341,False,608
2026-09-26T19:56:34Z,4074723,d91fa13c60794150e91ee4d5d244bb96a66d44babf73e9be02da259445488c7d,d4eeaa1122dab906155a803ababb83ceb7afbb4ae102b37014c9093f879fd341,False,608
2026-09-26T22:55:53Z,4074902,f416f446ff55ae8b7cb105a8a7e175b161fb1d29f4ae19f5e497b12792db7d9a,d4eeaa1122dab906155a803ababb83ceb7afbb4ae102b37014c9093f879fd341,False,608
2026-09-27T01:30:28Z,4075058,7017195111c801a6ce2e3a1c80e42df97a46d371919f8d53c0019eccebdce3b8,d4eeaa1122dab906155a803ababb83ceb7afbb4ae102b37014c9093f879fd341,False,608
2026-09-27T08:18:40Z,4075463,dc46a8847e9a389b57b2718fbb70ac32790e495751c1d4f432686b4a58f64a4e,d4eeaa1122dab906155a803ababb83ceb7afbb4ae102b37014c9093f879fd341,False,608
2026-09-27T14:06:01Z,4075811,5659670a23128677a3c77f9f7d7843172fe5e4e37a4a5e5ab7694be960b3611a,d4eeaa1122dab906155a803ababb83ceb7afbb4ae102b37014c9093f879fd341,False,608
2026-09-27T18:28:55Z,4076075,41f5e8870c25839dfb5101c3d519553ef8906d4061a26c37f4494180a2beef45,d4eeaa1122dab906155a803ababb83ceb7afbb4ae102b37014c9093f879fd341,False,608
2026-09-27T22:15:57Z,4076303,beed5dff0406329097dc1e511e2f4e6e4621a8c7fa8bda2388e5cb87cf68d83e,d4eeaa1122dab906155a803ababb83ceb7afbb4ae102b37014c9093f879fd341,False,608
2026-09-28T00:52:53Z,4076460,a57e57fdffa7f2bdfe32cf741fe1c5c6062a505e4e99711338142b4272c24261,d4eeaa1122dab906155a803ababb83ceb7afbb4ae102b37014c9093f879fd341,False,608
2026-09-28T07:01:46Z,4076827,bdffcc0a50b3f4d04e1f6b6f733404b1ab9f70fd0decf63afeccc3d88fe2f970,d4eeaa1122dab906155a803ababb83ceb7afbb4ae102b37014c9093f879fd341,False,608
2026-09-28T15:34:54Z,4077340,d01bd5a06d1adcd2b7623d7ffb51840bc24d89a5d51ec5be2821a36e76d4aa87,d4eeaa1122dab906155a803ababb83ceb7afbb4ae102b37014c9093f879fd341,False,608
2026-09-28T22:07:49Z,4077732,f7a8531e59b1d571a80662d80d1eebf8bdd98f8b7c877b89aa7161364149a7dc,d4eeaa1122dab906155a803ababb83ceb7afbb4ae102b37014c9093f879fd341,False,608
2026-09-29T02:02:31Z,4077968,42c5cf7bf4c53f12db3ac6be44a22a42719e7239944b09755e3d858f41c9cce2,d4eeaa1122dab906155a803ababb83ceb7afbb4ae102b37014c9093f879fd341,False,608
2026-09-29T08:38:40Z,4078363,4d1078165658c14cedc1e55dd39f696a1fe0decd4631d61fcb9dd85c4cd18650,d4eeaa1122dab906155a803ababb83ceb7afbb4ae102b37014c9093f879fd341,False,608
2026-09-29T15:59:34Z,4078804,40827905e17613be3c121ec8b4ba83cb84c6c0e3115f33afee2d49c31cefd6b5,d4eeaa1122dab906155a803ababb83ceb7afbb4ae102b37014c9093f879fd341,False,608
2026-09-29T20:52:14Z,4079099,2514d6ab29f9cd39fd708277ee404e04c29e138595095a9991b4bd23bca8ee70,d4eeaa1122dab906155a803ababb83ceb7afbb4ae102b37014c9093f879fd341,False,608
2026-09-30T00:31:48Z,4079318,0ec1751a5eaad412d5a3a6b72901128006972cc2dbe97b9f9152252058c2d80b,d4eeaa1122dab906155a803ababb83ceb7afbb4ae102b37014c9093f879fd341,False,608
2026-09-30T06:48:20Z,4079695,373fb6554d6c42c2cbe3c71f8506819b5d9fc5a7688b92cf035bb8445e9bc401,d4eeaa1122dab906155a803ababb83ceb7afbb4ae102b37014c9093f879fd341,False,608
2026-09-30T13:49:32Z,4080116,a1b5faab98ef28bedaff143937e3f2c1d8c3f93db41c668ab7b75c951b269db6,d4eeaa1122dab906155a803ababb83ceb7afbb4ae102b37014c9093f879fd341,False,608
2026-09-30T19:27:02Z,4080452,313025d8c6c6c592928c560eb5990e9feca5e391945b7f0695720f5e09c2b786,d4eeaa1122dab906155a803ababb83ceb7afbb4ae102b37014c9093f879fd341,False,608
2026-09-30T23:55:51Z,4080721,68322b81e95a9fac944ff95ad0c6f515cf41fe1e845ebe668047adc3fa6450e8,d4eeaa1122dab906155a803ababb83ceb7afbb4ae102b37014c9093f879fd341,False,608
2026-10-01T06:02:06Z,4081088,95dfce14a243fa167c11bb9f6e187062b9639fb316a27eb55861028f16d9a10e,d4eeaa1122dab906155a803ababb83ceb7afbb4ae102b37014c9093f879fd341,False,608
2026-10-01T13:26:20Z,4081530,4f12a82dbcefa46c243297ea336556533bcbbd2da084bd6cc008c46b29483b85,d4eeaa1122dab906155a803ababb83ceb7afbb4ae102b37014c9093f879fd341,False,608
2026-10-01T19:37:48Z,4081902,5f17a6cb78181e1c5d0c11b7d978f2510f89e3dfb706a34af9bad9b2ef03a20a,d4eeaa1122dab906155a803ababb83ceb7afbb4ae102b37014c9093f879fd341,False,608
2026-10-01T23:55:53Z,4082163,37d2f1f2f33095db41f4caf3e9273b902529dcd48fc097a50873172daf73e7dd,d4eeaa1122dab906155a803ababb83ceb7afbb4ae102b37014c9093f879fd341,False,608
2026-10-02T05:44:29Z,4082511,4c265dac468cc9188e6dbf0aacaf85622a9c05e873adf708048e11a3494bc1ca,d4eeaa1122dab906155a803ababb83ceb7afbb4ae102b37014c9093f879fd341,False,608
2026-10-02T12:44:09Z,4082929,a1d205c60f224b6f5050b78900deadbbbad5ee9ea70267d6166bcbb147491cc9,d4eeaa1122dab906155a803ababb83ceb7afbb4ae102b37014c9093f879fd341,False,608
2026-10-02T18:30:03Z,4083275,0a681eea3c7979bdaf748b79204ebe08f25ae54b4179cdb19b5ccafaa3673a8a,d4eeaa1122dab906155a803ababb83ceb7afbb4ae102b37014c9093f879fd341,False,608
2026-10-02T23:01:45Z,4083548,5fa8b55c94c088542d3c71de82ecc554c69194a761a0909924c647e68245e75c,d4eeaa1122dab906155a803ababb83ceb7afbb4ae102b37014c9093f879fd341,False,608
2026-10-03T02:02:49Z,4083729,3e79630dbcd0b839ecb0029d8e06b9657013aa0bbed0996e6ee2a0c7e4064037,d4eeaa1122dab906155a803ababb83ceb7afbb4ae102b37014c9093f879fd341,False,608
2026-10-03T08:13:47Z,4084099,c94a1252956c50e130fec44523a5da11bd3ff315beeded7285f0b2f650b3f740,d4eeaa1122dab906155a803ababb83ceb7afbb4ae102b37014c9093f879fd341,False,608
2026-10-03T13:28:56Z,4084414,c61602ae0b79bc42a4517cb02d90288b285961d3f9dd0bbb8b16b0eb5a68776c,d4eeaa1122dab906155a803ababb83ceb7afbb4ae102b37014c9093f879fd341,False,608
2026-10-03T18:01:20Z,4084687,9298fc7dc99ed9b42b5c31ac98cfe93dcc3c6b35621d93e12d6a1b57cf8456c9,d4eeaa1122dab906155a803ababb83ceb7afbb4ae102b37014c9093f879fd341,False,608
2026-10-03T21:21:39Z,4084888,3ee448a0af2f6760015c9ce68286cf6ee3df380a50cbabd912e754202af03f1f,d4eeaa1122dab906155a803ababb83ceb7afbb4ae102b37014c9093f879fd341,False,608
2026-10-04T00:42:47Z,4085089,732a0de7b33d9a97cbff8b810104203ef2806266264f0dc2198aba6b49efce43,d4eeaa1122dab906155a803ababb83ceb7afbb4ae102b37014c9093f879fd341,False,608
2026-10-04T07:00:32Z,4085467,12f18004f73394c17a1f03f8289f39c6fc41f778d15c872d3dfba0ef0de0464f,d4eeaa1122dab906155a803ababb83ceb7afbb4ae102b37014c9093f879fd341,False,608
2026-10-04T13:17:27Z,4085842,170a8c5758c89f380e1b6b12ac3ae1a5ab189eaade8dbcf20604e24b75556a4f,d4eeaa1122dab906155a803ababb83ceb7afbb4ae102b37014c9093f879fd341,False,608
2026-10-04T17:40:05Z,4086106,3c4e9b4b422730583d787840bc8c870f2585c40292414e29fd8d71f73b914516,d4eeaa1122dab906155a803ababb83ceb7afbb4ae102b37014c9093f879fd341,False,608
2026-10-04T21:33:16Z,4086339,2b0410421af7737bf0a49ec7076f18c06ba5125127450c49d701f6970f3292d5,d4eeaa1122dab906155a803ababb83ceb7afbb4ae102b37014c9093f879fd341,False,608
